{
  "name": {
    "tr": "Misyon",
    "en": "Mission",
    "ar": "المهمة",
    "de": "Mission",
    "ru": "Миссия"
  },
  "status": "play",
  "id": "misyon",
  "path": "misyon",
  "category": "kurumsal",
  "text": {
    "tr": "<h2 style=\"font-size: 24px;\">Misyonumuz</h2>\n    <p style=\" font-size: 16px;\">\n        Misyonumuz, çevre dostu uygulamalarla, sürdürülebilir bir gelecek için katkıda bulunmaktır. Çalışma şeklimiz, doğaya zarar vermeden, en iyi sonuçları elde etmek üzerine kuruludur. Bu bağlamda, teknolojinin sunduğu yeniliklerden yararlanarak, enerji verimliliğini artırmaya ve kaynakları en verimli şekilde kullanmaya özen gösteriyoruz. Bu sayede, sadece müşterilerimize değil, aynı zamanda topluma ve çevreye de olumlu bir etki yaratmayı amaçlıyoruz. İleriye dönük hedeflerimiz, bu misyon doğrultusunda daha fazla proje geliştirmek ve daha fazla insanın hayatına dokunmaktır.\n    </p>",
    "en": "<h2 style=\"font-size: 24px;\">Our Mission</h2>\n    <p style=\" font-size: 16px;\">\n        Our mission is to contribute to a sustainable future through environmentally friendly practices. Our way of working is based on achieving the best results without harming nature. In this context, we focus on increasing energy efficiency and using resources most efficiently by utilizing the innovations offered by technology. In this way, we aim to create a positive impact not only on our customers but also on society and the environment. Our future goals are to develop more projects and touch more lives in line with this mission.\n    </p>",
    "ar": "<h2 style=\"font-size: 24px;\">مهمتنا</h2>\n    <p style=\" font-size: 16px;\">\n        مهمتنا هي المساهمة في مستقبل مستدام من خلال الممارسات الصديقة للبيئة. طريقة عملنا مبنية على تحقيق أفضل النتائج دون الإضرار بالطبيعة. في هذا السياق، نركز على زيادة كفاءة الطاقة واستخدام الموارد بكفاءة من خلال الاستفادة من الابتكارات التي تقدمها التكنولوجيا. بهذه الطريقة، نهدف إلى خلق تأثير إيجابي ليس فقط على عملائنا ولكن أيضًا على المجتمع والبيئة. أهدافنا المستقبلية هي تطوير المزيد من المشاريع ولمس المزيد من الأرواح وفقًا لهذه المهمة.\n    </p>",
    "de": "<h2 style=\"font-size: 24px;\">Unsere Mission</h2>\n    <p style=\" font-size: 16px;\">\n        Unsere Mission ist es, durch umweltfreundliche Praktiken zu einer nachhaltigen Zukunft beizutragen. Unsere Arbeitsweise basiert darauf, die besten Ergebnisse zu erzielen, ohne die Natur zu schädigen. In diesem Zusammenhang konzentrieren wir uns auf die Steigerung der Energieeffizienz und die effizienteste Nutzung von Ressourcen durch die Nutzung der von der Technologie gebotenen Innovationen. Auf diese Weise zielen wir darauf ab, nicht nur für unsere Kunden, sondern auch für die Gesellschaft und die Umwelt einen positiven Einfluss zu schaffen. Unsere zukünftigen Ziele sind es, mehr Projekte zu entwickeln und mehr Leben im Einklang mit dieser Mission zu berühren.\n    </p>",
    "ru": "<h2 style=\"font-size: 24px;\">Наша миссия</h2>\n    <p style=\" font-size: 16px;\">\n        Наша миссия - способствовать устойчивому будущему через экологически чистые практики. Наш способ работы основан на достижении наилучших результатов без вреда для природы. В этом контексте мы сосредотачиваемся на повышении энергоэффективности и наиболее эффективном использовании ресурсов, используя инновации, предлагаемые технологией. Таким образом, мы стремимся создать положительное влияние не только на наших клиентов, но и на общество и окружающую среду. Наши будущие цели - разрабатывать больше проектов и прикоснуться к большему количеству жизней в соответствии с этой миссией.\n    </p>"
  },
  "desing": {
    "header": [],
    "body": [],
    "footer": []
  },
  "keyword": {
    "tr": "misyon, sürdürülebilirlik, çevre dostu, sosyal sorumluluk",
    "en": "mission, sustainability, environmentally friendly, social responsibility",
    "ar": "المهمة، الاستدامة، صديق للبيئة، المسؤولية الاجتماعية",
    "de": "Mission, Nachhaltigkeit, umweltfreundlich, soziale Verantwortung",
    "ru": "миссия, устойчивость, экологичность, социальная ответственность"
  },
  "description": {
    "tr": "Sürdürülebilir bir gelecek için çevre dostu uygulamalar ve sosyal sorumluluk projeleri ile topluma ve çevreye katkı sağlıyoruz.",
    "en": "We contribute to society and the environment through environmentally friendly practices and social responsibility projects for a sustainable future.",
    "ar": "نحن نساهم في المجتمع والبيئة من خلال الممارسات الصديقة للبيئة ومشاريع المسؤولية الاجتماعية من أجل مستقبل مستدام.",
    "de": "Wir leisten einen Beitrag zu Gesellschaft und Umwelt durch umweltfreundliche Praktiken und Projekte der sozialen Verantwortung für eine nachhaltige Zukunft.",
    "ru": "Мы вносим вклад в общество и окружающую среду через экологически чистые практики и проекты социальной ответственности для устойчивого будущего."
  },
  "spot": {
    "tr": "",
    "en": "",
    "ar": "",
    "de": "",
    "ru": ""
  },
  "index": 2,
  "desc": {},
  "icon": "home",
  "bgimg": "1.jpg",
  "update": "2025-07-20T10:55:33.068Z",
  "date": "2025-06-15T21:33:27.939Z"
}