{
  "name": {
    "tr": "Hakkımızda",
    "en": "About Us",
    "ar": "من نحن",
    "de": "Über uns",
    "ru": "О нас"
  },
  "status": "play",
  "id": "hakkimizda",
  "path": "hakkimizdat7s",
  "category": "kurumsal",
  "text": {
    "tr": "<h2 style=\"font-size: 24px;\">Hakkımızda</h2>\n    <p style=\" font-size: 16px;\">\n        Biz, müşteri memnuniyetini her zaman ön planda tutarak, sektördeki en iyi hizmeti sunmayı hedefleyen bir firmayız. Yenilikçi ve yaratıcı yaklaşımlarımızla, her projede maksimum verim ve etkinliği sağlamak için çalışıyoruz. Ekibimiz, alanında uzman profesyonellerden oluşmakta ve sürekli olarak gelişim ve eğitim fırsatları ile desteklenmektedir. Bu sayede, hem müşteri taleplerini en iyi şekilde karşılıyor hem de sektördeki en son gelişmeleri takip ederek, müşterilerimize katma değer sağlayacak çözümler sunuyoruz.\n    </p>\n    <p style=\" font-size: 16px;\">\n        Vizyonumuz, sektörümüzdeki en güvenilir ve tercih edilen firma olmaktır. Bunun için, iş süreçlerimizi sürekli gözden geçiriyor, iyileştiriyor ve geliştirmeye odaklanıyoruz. Müşterilerimizin geri bildirimlerini dikkate alarak, ihtiyaçlarına en uygun çözümleri sunmak için çaba gösteriyoruz. Müşteri odaklı bir yaklaşım benimsememiz, işimizi daha da büyütmemize yardımcı oluyor ve sektördeki konumumuzu güçlendiriyor. Bizimle çalışan her müşteri, kalite ve güven arayışında olduğu için, onlara her zaman en iyi deneyimi sunmayı amaçlıyoruz.\n    </p>\n    <p style=\" font-size: 16px;\">\n        Misyonumuz, çevre dostu uygulamalarla, sürdürülebilir bir gelecek için katkıda bulunmaktır. Çalışma şeklimiz, doğaya zarar vermeden, en iyi sonuçları elde etmek üzerine kuruludur. Bu bağlamda, teknolojinin sunduğu yeniliklerden yararlanarak, enerji verimliliğini artırmaya ve kaynakları en verimli şekilde kullanmaya özen gösteriyoruz. Bu sayede, sadece müşterilerimize değil, aynı zamanda topluma ve çevreye de olumlu bir etki yaratmayı amaçlıyoruz. İleriye dönük hedeflerimiz, bu misyon doğrultusunda daha fazla proje geliştirmek ve daha fazla insanın hayatına dokunmaktır.\n    </p>",
    "en": "<h2 style=\"font-size: 24px;\">About Us</h2>\n    <p style=\" font-size: 16px;\">\n        We are a company that aims to provide the best service in the industry by always prioritizing customer satisfaction. With our innovative and creative approaches, we work to ensure maximum efficiency and effectiveness in every project. Our team consists of expert professionals in their fields and is continuously supported with development and training opportunities. In this way, we both best meet customer demands and follow the latest developments in the industry to provide solutions that add value to our customers.\n    </p>\n    <p style=\" font-size: 16px;\">\n        Our vision is to be the most reliable and preferred company in our industry. For this, we continuously review, improve, and focus on developing our business processes. We strive to provide the most suitable solutions for their needs by considering our customers' feedback. Our customer-oriented approach helps us grow our business and strengthen our position in the industry. Since every customer working with us seeks quality and trust, we aim to always provide them with the best experience.\n    </p>\n    <p style=\" font-size: 16px;\">\n        Our mission is to contribute to a sustainable future through environmentally friendly practices. Our way of working is based on achieving the best results without harming nature. In this context, we focus on increasing energy efficiency and using resources most efficiently by utilizing the innovations offered by technology. In this way, we aim to create a positive impact not only on our customers but also on society and the environment. Our future goals are to develop more projects and touch more lives in line with this mission.\n    </p>",
    "ar": "<h2 style=\"font-size: 24px;\">من نحن</h2>\n    <p style=\" font-size: 16px;\">\n        نحن شركة تهدف إلى تقديم أفضل خدمة في الصناعة من خلال إعطاء الأولوية دائمًا لرضا العملاء. من خلال نهجنا المبتكر والإبداعي، نعمل على ضمان أقصى كفاءة وفعالية في كل مشروع. يتكون فريقنا من متخصصين خبراء في مجالاتهم ويتم دعمهم باستمرار بفرص التطوير والتدريب. بهذه الطريقة، نحن نلبي بشكل أفضل متطلبات العملاء ونتابع أحدث التطورات في الصناعة لتقديم حلول تضيف قيمة لعملائنا.\n    </p>\n    <p style=\" font-size: 16px;\">\n        رؤيتنا هي أن نكون الشركة الأكثر موثوقية والمفضلة في صناعتنا. لهذا، نقوم باستمرار بمراجعة وتحسين والتركيز على تطوير عمليات أعمالنا. نسعى جاهدين لتقديم الحلول الأنسب لاحتياجاتهم من خلال النظر في ملاحظات عملائنا. يساعدنا نهجنا الموجه للعملاء على نمو أعمالنا وتعزيز موقعنا في الصناعة. بما أن كل عميل يعمل معنا يسعى إلى الجودة والثقة، فإننا نهدف دائمًا إلى تقديم أفضل تجربة لهم.\n    </p>\n    <p style=\" font-size: 16px;\">\n        مهمتنا هي المساهمة في مستقبل مستدام من خلال الممارسات الصديقة للبيئة. طريقة عملنا مبنية على تحقيق أفضل النتائج دون الإضرار بالطبيعة. في هذا السياق، نركز على زيادة كفاءة الطاقة واستخدام الموارد بكفاءة من خلال الاستفادة من الابتكارات التي تقدمها التكنولوجيا. بهذه الطريقة، نهدف إلى خلق تأثير إيجابي ليس فقط على عملائنا ولكن أيضًا على المجتمع والبيئة. أهدافنا المستقبلية هي تطوير المزيد من المشاريع ولمس المزيد من الأرواح وفقًا لهذه المهمة.\n    </p>",
    "de": "<h2 style=\"font-size: 24px;\">Über uns</h2>\n    <p style=\" font-size: 16px;\">\n        Wir sind ein Unternehmen, das darauf abzielt, den besten Service in der Branche zu bieten, indem wir die Kundenzufriedenheit immer in den Vordergrund stellen. Mit unseren innovativen und kreativen Ansätzen arbeiten wir daran, maximale Effizienz und Effektivität in jedem Projekt zu gewährleisten. Unser Team besteht aus Experten auf ihrem Gebiet und wird kontinuierlich mit Entwicklungs- und Schulungsmöglichkeiten unterstützt. Auf diese Weise erfüllen wir sowohl die Kundenanforderungen am besten als auch verfolgen die neuesten Entwicklungen in der Branche, um Lösungen anzubieten, die unseren Kunden einen Mehrwert bieten.\n    </p>\n    <p style=\" font-size: 16px;\">\n        Unsere Vision ist es, das zuverlässigste und bevorzugte Unternehmen in unserer Branche zu sein. Dafür überprüfen, verbessern und konzentrieren wir uns kontinuierlich auf die Entwicklung unserer Geschäftsprozesse. Wir bemühen uns, die am besten geeigneten Lösungen für ihre Bedürfnisse anzubieten, indem wir das Feedback unserer Kunden berücksichtigen. Unser kundenorientierter Ansatz hilft uns, unser Geschäft zu wachsen und unsere Position in der Branche zu stärken. Da jeder Kunde, der mit uns zusammenarbeitet, nach Qualität und Vertrauen sucht, ist es unser Ziel, ihnen immer das beste Erlebnis zu bieten.\n    </p>\n    <p style=\" font-size: 16px;\">\n        Unsere Mission ist es, durch umweltfreundliche Praktiken zu einer nachhaltigen Zukunft beizutragen. Unsere Arbeitsweise basiert darauf, die besten Ergebnisse zu erzielen, ohne die Natur zu schädigen. In diesem Zusammenhang konzentrieren wir uns auf die Steigerung der Energieeffizienz und die effizienteste Nutzung von Ressourcen durch die Nutzung der von der Technologie gebotenen Innovationen. Auf diese Weise zielen wir darauf ab, nicht nur für unsere Kunden, sondern auch für die Gesellschaft und die Umwelt einen positiven Einfluss zu schaffen. Unsere zukünftigen Ziele sind es, mehr Projekte zu entwickeln und mehr Leben im Einklang mit dieser Mission zu berühren.\n    </p>",
    "ru": "<h2 style=\"font-size: 24px;\">О нас</h2>\n    <p style=\" font-size: 16px;\">\n        Мы - компания, которая стремится предоставить лучший сервис в отрасли, всегда ставя удовлетворенность клиентов на первое место. Благодаря нашему инновационному и творческому подходу мы работаем над обеспечением максимальной эффективности и результативности в каждом проекте. Наша команда состоит из экспертов в своих областях и постоянно поддерживается возможностями развития и обучения. Таким образом, мы не только наилучшим образом удовлетворяем потребности клиентов, но и следим за последними разработками в отрасли, чтобы предлагать решения, которые добавляют ценность нашим клиентам.\n    </p>\n    <p style=\" font-size: 16px;\">\n        Наше видение - быть самой надежной и предпочтительной компанией в нашей отрасли. Для этого мы постоянно пересматриваем, улучшаем и сосредотачиваемся на развитии наших бизнес-процессов. Мы стремимся предоставить наиболее подходящие решения для их потребностей, учитывая отзывы наших клиентов. Наш клиентоориентированный подход помогает нам развивать наш бизнес и укреплять нашу позицию в отрасли. Поскольку каждый клиент, работающий с нами, ищет качество и доверие, мы стремимся всегда предоставлять им лучший опыт.\n    </p>\n    <p style=\" font-size: 16px;\">\n        Наша миссия - способствовать устойчивому будущему через экологически чистые практики. Наш способ работы основан на достижении наилучших результатов без вреда для природы. В этом контексте мы сосредотачиваемся на повышении энергоэффективности и наиболее эффективном использовании ресурсов, используя инновации, предлагаемые технологией. Таким образом, мы стремимся создать положительное влияние не только на наших клиентов, но и на общество и окружающую среду. Наши будущие цели - разрабатывать больше проектов и прикоснуться к большему количеству жизней в соответствии с этой миссией.\n    </p>"
  },
  "desing": {
    "header": [],
    "body": [],
    "footer": []
  },
  "keyword": {
    "tr": "hakkımızda, kurumsal kimlik, firma profili, şirket bilgileri",
    "en": "about us, corporate identity, company profile, company information",
    "ar": "من نحن، الهوية المؤسسية، الملف التعريفي للشركة، معلومات الشركة",
    "de": "über uns, Unternehmensidentität, Firmenprofil, Unternehmensinformationen",
    "ru": "о нас, корпоративная идентичность, профиль компании, информация о компании"
  },
  "description": {
    "tr": "Servis Yetkilim olarak 20 yılı aşkın tecrübemizle müşteri memnuniyetini ön planda tutarak, sektördeki en iyi hizmeti sunmayı hedefliyoruz.",
    "en": "As Servis Yetkilim, with over 20 years of experience, we aim to provide the best service in the industry by prioritizing customer satisfaction.",
    "ar": "نحن في سيرفيس ييتكليم، مع أكثر من 20 عامًا من الخبرة، نهدف إلى تقديم أفضل خدمة في الصناعة من خلال إعطاء الأولوية لرضا العملاء.",
    "de": "Als Servis Yetkilim streben wir mit über 20 Jahren Erfahrung an, den besten Service in der Branche zu bieten, indem wir die Kundenzufriedenheit in den Vordergrund stellen.",
    "ru": "Как Servis Yetkilim, с более чем 20-летним опытом, мы стремимся предоставить лучший сервис в отрасли, ставя удовлетворенность клиентов на первое место."
  },
  "spot": {
    "tr": "",
    "en": "",
    "ar": "",
    "de": "",
    "ru": ""
  },
  "index": 0,
  "desc": {},
  "icon": "home",
  "bgimg": "1.jpg",
  "update": "2025-07-20T10:55:33.053Z",
  "date": "2025-06-15T21:33:27.919Z",
  "pathnext": ""
}