{
  "name": {
    "tr": "Kurumsal Web Tasarım",
    "en": "",
    "ar": "",
    "de": "",
    "ru": ""
  },
  "status": "play",
  "category": "",
  "id": "dq8toa4u3i",
  "url": "",
  "path": "kurumsalwebtasarim",
  "desc": {},
  "index": 0,
  "icon": "home",
  "desing": {
    "header": [],
    "body": [],
    "footer": []
  },
  "pathnext": "",
  "description": {
    "tr": ""
  },
  "keyword": {
    "tr": ""
  },
  "text": {
    "tr": ""
  },
  "spot": {
    "tr": ""
  },
  "update": "2025-07-20T10:55:33.141Z",
  "date": "2025-06-29T20:42:56.973Z"
}