{
  "name": {
    "tr": "Referanslar",
    "en": "",
    "ar": "",
    "de": "",
    "ru": ""
  },
  "status": "play",
  "category": "",
  "id": "nrsjt7gsm1",
  "url": "",
  "path": "referanslar",
  "index": 2,
  "icon": "home",
  "desing": {
    "header": [],
    "body": [
      "ghx9o9"
    ],
    "footer": []
  },
  "pathnext": "",
  "desc": {},
  "description": {
    "tr": ""
  },
  "keyword": {
    "tr": ""
  },
  "text": {
    "tr": ""
  },
  "spot": {
    "tr": ""
  },
  "update": "2025-07-22T10:21:17.522Z",
  "date": "2025-07-01T03:17:38.348Z"
}