{
  "name": {
    "tr": "Değerlendirmelerim"
  },
  "status": "play",
  "category": "",
  "id": "d8y4qxxj6k",
  "url": "",
  "path": "degerlendirmelerim",
  "keyword": {
    "tr": ""
  },
  "description": {
    "tr": ""
  },
  "text": {
    "tr": ""
  },
  "spot": {
    "tr": ""
  },
  "desc": {},
  "index": 5,
  "icon": "stars",
  "desing": {
    "header": [],
    "body": [
      "qx9m0l"
    ],
    "footer": []
  },
  "update": "2025-07-20T10:55:33.183Z",
  "date": "2025-07-01T12:50:30.169Z"
}