{
  "name": {
    "tr": "Vizyon",
    "en": "Vision",
    "ar": "الرؤية",
    "de": "Vision",
    "ru": "Видение"
  },
  "status": "play",
  "id": "vizyon",
  "path": "vizyon",
  "category": "kurumsal",
  "text": {
    "tr": "<h2 style=\"font-size: 24px;\">Vizyonumuz</h2>\n    <p style=\" font-size: 16px;\">\n        Vizyonumuz, sektörümüzdeki en güvenilir ve tercih edilen firma olmaktır. Bunun için, iş süreçlerimizi sürekli gözden geçiriyor, iyileştiriyor ve geliştirmeye odaklanıyoruz. Müşterilerimizin geri bildirimlerini dikkate alarak, ihtiyaçlarına en uygun çözümleri sunmak için çaba gösteriyoruz. Müşteri odaklı bir yaklaşım benimsememiz, işimizi daha da büyütmemize yardımcı oluyor ve sektördeki konumumuzu güçlendiriyor. Bizimle çalışan her müşteri, kalite ve güven arayışında olduğu için, onlara her zaman en iyi deneyimi sunmayı amaçlıyoruz.\n    </p>",
    "en": "<h2 style=\"font-size: 24px;\">Vision</h2>\n    <p style=\" font-size: 16px;\">\n        Our vision is to be the most reliable and preferred company in our industry. For this, we continuously review, improve, and focus on developing our business processes. We strive to provide the most suitable solutions for their needs by considering our customers' feedback. Our customer-oriented approach helps us grow our business and strengthen our position in the industry. Since every customer working with us seeks quality and trust, we aim to always provide them with the best experience.\n    </p>",
    "ar": "<h2 style=\"font-size: 24px;\">الرؤية</h2>\n    <p style=\" font-size: 16px;\">\n        رؤيتنا هي أن نكون الشركة الأكثر موثوقية والمفضلة في صناعتنا. لهذا، نقوم باستمرار بمراجعة وتحسين والتركيز على تطوير عمليات أعمالنا. نسعى جاهدين لتقديم الحلول الأنسب لاحتياجاتهم من خلال النظر في ملاحظات عملائنا. يساعدنا نهجنا الموجه للعملاء على نمو أعمالنا وتعزيز موقعنا في الصناعة. بما أن كل عميل يعمل معنا يسعى إلى الجودة والثقة، فإننا نهدف دائمًا إلى تقديم أفضل تجربة لهم.\n    </p>",
    "de": "<h2 style=\"font-size: 24px;\">Vision</h2>\n    <p style=\" font-size: 16px;\">\n        Unsere Vision ist es, das zuverlässigste und bevorzugte Unternehmen in unserer Branche zu sein. Dafür überprüfen, verbessern und konzentrieren wir uns kontinuierlich auf die Entwicklung unserer Geschäftsprozesse. Wir bemühen uns, die am besten geeigneten Lösungen für ihre Bedürfnisse anzubieten, indem wir das Feedback unserer Kunden berücksichtigen. Unser kundenorientierter Ansatz hilft uns, unser Geschäft zu wachsen und unsere Position in der Branche zu stärken. Da jeder Kunde, der mit uns zusammenarbeitet, nach Qualität und Vertrauen sucht, ist es unser Ziel, ihnen immer das beste Erlebnis zu bieten.\n    </p>",
    "ru": "<h2 style=\"font-size: 24px;\">Видение</h2>\n    <p style=\" font-size: 16px;\">\n        Наше видение - быть самой надежной и предпочтительной компанией в нашей отрасли. Для этого мы постоянно пересматриваем, улучшаем и сосредотачиваемся на развитии наших бизнес-процессов. Мы стремимся предоставить наиболее подходящие решения для их потребностей, учитывая отзывы наших клиентов. Наш клиентоориентированный подход помогает нам развивать наш бизнес и укреплять нашу позицию в отрасли. Поскольку каждый клиент, работающий с нами, ищет качество и доверие, мы стремимся всегда предоставлять им лучший опыт.\n    </p>"
  },
  "desing": {
    "header": [],
    "body": [],
    "footer": []
  },
  "keyword": {
    "tr": "vizyon, kurumsal kimlik, firma profili, şirket bilgileri",
    "en": "vision, corporate identity, company profile, company information",
    "ar": "الرؤية، الهوية المؤسسية، الملف التعريفي للشركة، معلومات الشركة",
    "de": "Vision, Unternehmensidentität, Firmenprofil, Unternehmensinformationen",
    "ru": "видение, корпоративная идентичность, профиль компании, информация о компании"
  },
  "description": {
    "tr": "Servis Yetkilim olarak 20 yılı aşkın tecrübemizle müşteri memnuniyetini ön planda tutarak, sektördeki en iyi hizmeti sunmayı hedefliyoruz.",
    "en": "As Servis Yetkilim, with over 20 years of experience, we aim to provide the best service in the industry by prioritizing customer satisfaction.",
    "ar": "نحن في سيرفيس ييتكليم، مع أكثر من 20 عامًا من الخبرة، نهدف إلى تقديم أفضل خدمة في الصناعة من خلال إعطاء الأولوية لرضا العملاء.",
    "de": "Als Servis Yetkilim streben wir mit über 20 Jahren Erfahrung an, den besten Service in der Branche zu bieten, indem wir die Kundenzufriedenheit in den Vordergrund stellen.",
    "ru": "Как Servis Yetkilim, с более чем 20-летним опытом, мы стремимся предоставить лучший сервис в отрасли, ставя удовлетворенность клиентов на первое место."
  },
  "spot": {
    "tr": "",
    "en": "",
    "ar": "",
    "de": "",
    "ru": ""
  },
  "index": 3,
  "desc": {},
  "icon": "home",
  "bgimg": "1.jpg",
  "update": "2025-07-20T10:55:33.078Z",
  "date": "2025-06-15T21:33:27.952Z"
}