{
  "name": {
    "tr": "Cüzdanım"
  },
  "status": "play",
  "category": "",
  "id": "o3edmwc8th",
  "url": "",
  "path": "cuzdanim",
  "keyword": {
    "tr": ""
  },
  "description": {
    "tr": ""
  },
  "text": {
    "tr": ""
  },
  "spot": {
    "tr": ""
  },
  "desc": {},
  "index": 10,
  "icon": "account_balance_wallet",
  "desing": {
    "header": [],
    "body": [
      "s4ja3q"
    ],
    "footer": []
  },
  "update": "2025-07-20T10:55:33.211Z",
  "date": "2025-07-01T12:50:30.185Z"
}