{
  "name": {
    "tr": "Kullanıcı Bilgilerim"
  },
  "status": "play",
  "category": "",
  "id": "vaojovw2ac",
  "url": "",
  "path": "kullanicibilgilerim",
  "keyword": {
    "tr": ""
  },
  "description": {
    "tr": ""
  },
  "text": {
    "tr": ""
  },
  "spot": {
    "tr": ""
  },
  "desc": {},
  "index": 14,
  "icon": "person",
  "desing": {
    "header": [],
    "body": [
      "tfozdv"
    ],
    "footer": []
  },
  "update": "2025-07-20T10:55:33.233Z",
  "date": "2025-07-01T12:50:30.196Z"
}