{
  "name": {
    "tr": "Galeri Web Sitesi",
    "en": "",
    "ar": "",
    "de": "",
    "ru": ""
  },
  "status": "play",
  "category": "",
  "id": "hiy1xnzaw4",
  "url": "",
  "path": "galeriwebsitesi",
  "desc": {},
  "index": 0,
  "icon": "home",
  "desing": {
    "header": [],
    "body": [],
    "footer": []
  },
  "pathnext": "",
  "description": {
    "tr": ""
  },
  "keyword": {
    "tr": ""
  },
  "text": {
    "tr": ""
  },
  "spot": {
    "tr": ""
  },
  "update": "2025-07-20T10:55:33.136Z",
  "date": "2025-06-29T20:43:19.972Z"
}