{
  "name": {
    "tr": "E-Ticaret",
    "en": "",
    "ar": "",
    "de": "",
    "ru": ""
  },
  "status": "play",
  "category": "",
  "id": "i5y6tg2yh6",
  "url": "",
  "path": "eticaret",
  "desc": {},
  "index": 0,
  "icon": "home",
  "desing": {
    "header": [],
    "body": [],
    "footer": []
  },
  "pathnext": "",
  "description": {
    "tr": ""
  },
  "keyword": {
    "tr": ""
  },
  "text": {
    "tr": ""
  },
  "spot": {
    "tr": ""
  },
  "update": "2025-07-20T10:55:33.147Z",
  "date": "2025-06-29T20:42:42.984Z"
}