{
  "name": {
    "tr": "Kredi Kartlarım"
  },
  "status": "play",
  "category": "",
  "id": "ejegvugg93",
  "url": "",
  "path": "kredikartlarim",
  "keyword": {
    "tr": ""
  },
  "description": {
    "tr": ""
  },
  "text": {
    "tr": ""
  },
  "spot": {
    "tr": ""
  },
  "desc": {},
  "index": 7,
  "icon": "credit_card",
  "desing": {
    "header": [],
    "body": [
      "hp120i"
    ],
    "footer": []
  },
  "update": "2025-07-20T10:55:33.195Z",
  "date": "2025-07-01T12:50:30.176Z"
}