{
  "name": {
    "tr": "Referanslar",
    "en": "",
    "ar": "",
    "de": "",
    "ru": ""
  },
  "status": "play",
  "category": "",
  "id": "nrsjt7gsm1",
  "url": "",
  "path": "referanslar",
  "index": 1,
  "icon": "home",
  "desing": {
    "header": [],
    "body": [],
    "footer": []
  },
  "pathnext": "",
  "desc": {},
  "description": {
    "tr": ""
  },
  "keyword": {
    "tr": ""
  },
  "text": {
    "tr": ""
  },
  "spot": {
    "tr": ""
  },
  "update": "2025-07-20T10:55:33.038Z",
  "date": "2025-07-01T03:17:38.348Z"
}