{
  "name": {
    "tr": "İletişim Tercihlerim"
  },
  "status": "play",
  "category": "",
  "id": "zezuolswqf",
  "url": "",
  "path": "iletisimtercihlerim",
  "keyword": {
    "tr": ""
  },
  "description": {
    "tr": ""
  },
  "text": {
    "tr": ""
  },
  "spot": {
    "tr": ""
  },
  "desc": {},
  "index": 13,
  "icon": "settings",
  "desing": {
    "header": [],
    "body": [
      "c4vuhb"
    ],
    "footer": []
  },
  "update": "2025-07-20T10:55:33.228Z",
  "date": "2025-07-01T12:50:30.193Z"
}